"nome","id","arquivo_gif","hash_gif","status_fonte"
"Elevação frontal com halteres sentado","media_006aaaa8382e13e34653","gifs/Exercícios sem marca d'água/Elevação frontal com halteres sentado.gif","9f7fff1063b31609205c120a94a67079754b09670d3abfe879bfcf9697808dcd","MIGRADO_FONTE_REVISADA"
"Elevação frontal com halteres sentado","media_c6150befa50c9d8f8236","gifs/ombros/Elevações laterais apoiadas no peito com halteres - Variação 3.gif","b7cba665ace50c301aca2faa3dfd06f742d8e201cd554be46df807624342f436","SEM_FONTE_REVISADA"
"Agachamento búlgaro com barra","media_0171af930b5923a97fad","gifs/Exercícios sem marca d'água/Agachamento búlgaro com barra.gif","43ef72dad35e397580da743d2469938c3b40c77f2527b57efa0c9a46c1d82333","MIGRADO_FONTE_REVISADA"
"Agachamento búlgaro com barra","media_9ec2a405b6e757d8957f","gifs/perna/Agachamento dividido búlgaro com barra.gif","989cb19026fe00db95c73c939de8d4f347822984814902a1dffd9247558885f4","SEM_FONTE_REVISADA"
"Elevação frontal alternada com halteres","media_075aed4bce982e87db50","gifs/ombros/Remada alta com barra - Variação 2.gif","a71491ec1a7f6caaaaf803954a5045dfdfbb1f2a79f10bb5fbf90b117db64a89","SEM_FONTE_REVISADA"
"Elevação frontal alternada com halteres","media_2ab7c051830a5ab0096d","gifs/Exercícios sem marca d'água/Elevação frontal alternado com halteres.gif","d06a3a5baca1bc23e08abf2f7485509fe9a45fc74deb66023dbacf43f8203367","MIGRADO_FONTE_REVISADA"
"Crucifixo inverso na máquina","media_0814ad01ce14be4d20be","gifs/costas/Remada delt traseira com halteres.gif","f9f636aef5e26fc2f3eef43189e56f255431d2cdf0a2dced0e627be21feae4c5","SEM_FONTE_REVISADA"
"Crucifixo inverso na máquina","media_3662cab0479c91c94a18","gifs/Exercícios sem marca d'água/Crucifixo traseira da máquina delt.gif","17264fdf198098bd2a6999f8714b6ab13adc5530e371b30179da8b912b09b309","MIGRADO_FONTE_REVISADA"
"Crucifixo inverso na máquina","media_d81cfb06437cf98e6e0f","gifs/ombros/Crucifixo traseira da máquina delt.gif","6e755692d5cb3ad3d919fa57af918a8e416ab468d2c462ee388b5297f2f53a0e","SEM_FONTE_REVISADA"
"Desenvolvimento militar com barra e pegada aberta","media_08279b0479d5199ce0b0","gifs/ombros/Cabo traseiro delt fly.gif","79c786daa7a1ff126ce0b8ee16be61090c1bcf474c072fa5e882898ac4ec981d","SEM_FONTE_REVISADA"
"Desenvolvimento militar com barra e pegada aberta","media_c4290788a9ffb48813ba","gifs/Exercícios sem marca d'água/exercicios_renomeados_pt_br/026_desenvolvimento_militar_com_barra_pegada_aberta.gif","48366c2e596f7bf5aeb5a2a4d99b2330752eee62b8df26be318fd007a797ed11","MIGRADO_FONTE_REVISADA"
"Elevação de pernas deitado","media_0839112e00d4f6719204","gifs/abdominais/Abdominal - Variação 9.gif","6a988e0bf67b394d78ccd6bc044f9c46d2c1aee44493f4a06fa68f1fdbec8fb9","SEM_FONTE_REVISADA"
"Elevação de pernas deitado","media_eb8a95c08f066f266c77","gifs/Exercícios sem marca d'água/Elevação da perna.gif","07cd27eec3321f3afbe96c4ec3dd2dec642e0bcaa7a866dd18d01607b942e084","MIGRADO_FONTE_REVISADA"
"Tríceps unilateral na polia","media_08bc51618baa755d1eb0","gifs/Exercícios sem marca d'água/Pushdown de tríceps com um braço.gif","068934683ada51c22d227eb8d959dcb9d6ba1cf47fe49286c398352380ab6e79","MIGRADO_FONTE_REVISADA"
"Tríceps unilateral na polia","media_a241ba83f892124f4539","gifs/tríceps/Band skull crusher - Variação 3.gif","e12903b542c50773e041b0e770a23fdd95c72d1b0e4dac1b867e781938485f6d","SEM_FONTE_REVISADA"
"Flexão de joelhos na bola suíça","media_1070a81e5b6958fb1ad9","gifs/perna/Hackear agachamento de panturrilha.gif","1ffea757e7634acdedb1afb61c8431eff1273730677fc598be6075623fcf9fe5","SEM_FONTE_REVISADA"
"Flexão de joelhos na bola suíça","media_c95c01dfe332cc066b32","gifs/Exercícios sem marca d'água/Flexão de perna na bola suíça.gif","b7c12b4e57be5d1265b1b3b24ef3d11db562abe1caab169df7f6352dd9279f90","MIGRADO_FONTE_REVISADA"
"Super-homem","media_166a78f87d50aeef5eb5","gifs/abdominais/Abdominal ponderada - Variação 2.gif","285980cb4b6e4257d1a4d2df284e9e570fdf3c8a0756d5aa511b02e9a9a04830","SEM_FONTE_REVISADA"
"Super-homem","media_bdb2c36c305132520848","gifs/Exercícios sem marca d'água/Advasana l postura de cadáver reversa - Super-homem.gif","970cc81d9bce2c3ef1095443d2511c88f332ccc66e027bdb2870ef71add09ac7","MIGRADO_FONTE_REVISADA"
"Agachamento com salto","media_18470f2c32d3b7a61a9d","gifs/Wrist circles alongamento.gif","066913b4b081da3c36aaf1ab772476a22836fcee7b9b13edf4f88638b6e2fe9c","SEM_FONTE_REVISADA"
"Agachamento com salto","media_2aa40389276b9b58f83f","gifs/Exercícios sem marca d'água/Agachamento com salto.gif","5ec03769bb6dee4731467b3a64f02b418009e48a17b42f942f5da72671c49a1e","MIGRADO_FONTE_REVISADA"
"Avanço reverso com halteres","media_184795bc4d3432403a0c","gifs/Exercícios sem marca d'água/Avanço traseira com halteres.gif","2b45c57874b7d39e750a453f7b023cdbe5a0bcad5ea0999294c7cfb631af5d87","MIGRADO_FONTE_REVISADA"
"Avanço reverso com halteres","media_53616f31faba330535bc","gifs/perna/Avanço traseira com halteres.gif","a5266133d93eca260119be5db2221af6f337eb2f38dd404e74ebf6e3edd6fa0e","SEM_FONTE_REVISADA"
"Supino em pé com elástico","media_1ad5949473a4fbdf2164","gifs/Exercícios sem marca d'água/Elástico em pé no peito.gif","3eec1444e6a4224da7092f4aee3675daf713b82a036e27040a563099b1a07076","MIGRADO_FONTE_REVISADA"
"Supino em pé com elástico","media_518ccd373cc5065584c0","gifs/peitoral/Supino em pé com elástico.gif","938ed175dbcfcc0d987607e234dd164352eaeeb01f00e1128621ab51208eabd3","SEM_FONTE_REVISADA"
"Abdominal bicicleta","media_1b5bc484b4df28642408","gifs/abdominais/Crunch com elevação da perna - Variação 4.gif","a881dfad2ea1e29f5fe771a154b24392d686b997b75a1f6daf6ad6166ff68b61","SEM_FONTE_REVISADA"
"Abdominal bicicleta","media_3a5e94dc465ccc26b77e","gifs/Exercícios sem marca d'água/Abdominal bicicleta.gif","ba7fb81d5aeaa07b3ad2aacb14869796055a58788249cb7f5086286b00004003","MIGRADO_FONTE_REVISADA"
"Abdominal ajoelhado na polia","media_1b838128b9afdaab51f8","gifs/abdominais/Ajoelhado, trituração de cabo.gif","82e42823a1f0fffccd673d7c176442f087a3789236bdf7f9fdb79ab86e543f9f","SEM_FONTE_REVISADA"
"Abdominal ajoelhado na polia","media_f075e92677cc4673279e","gifs/Exercícios sem marca d'água/Ajoelhado, trituração de cabo.gif","dd7785322196bc54814aaad5579cb10d50d69581a0dacc9ac5fc30dfbd2a8640","MIGRADO_FONTE_REVISADA"
"Supino inclinado com halteres","media_1b95a3001e3ee0074fc5","gifs/peitoral/Supino inclinado com halteres.gif","d5cbf27d2c1a965c1b412c8e8b510322cf95f7ed63b1febaf459d1c26aadc62e","SEM_FONTE_REVISADA"
"Supino inclinado com halteres","media_244770688862614a2093","gifs/Exercícios sem marca d'água/Supino inclinado com halteres.gif","f0d5f1848d99be99bda29db6b8b4c6781af51355a92d44f32999e7dfad90dd15","MIGRADO_FONTE_REVISADA"
"Desenvolvimento cubano sentado com halteres","media_2052816ce53bf20adbef","gifs/ombros/Remada alta com halteres - Variação 5.gif","3768549975cf1e5efbcf6d4148ca24fdf529299a7fb097db8e6b36b16ce9206c","SEM_FONTE_REVISADA"
"Desenvolvimento cubano sentado com halteres","media_6920eb862729677485cc","gifs/Exercícios sem marca d'água/Imprensa cubana sentada com halteres.gif","db99b0d3584eda02d57ffe873346a951e8e5d882ecd29cbd8ab5b330b912ad4f","MIGRADO_FONTE_REVISADA"
"Rosca direta com barra","media_215d7e071a7a86cd3084","gifs/biceps/Com barra alternate biceps rosca - Variação 4.gif","10ec5df793578abd7f3a25d2e98ffcaa5a154e4f80955ca0e1b537bdc5e03f38","SEM_FONTE_REVISADA"
"Rosca direta com barra","media_b880c806fc403eeaa508","gifs/Exercícios sem marca d'água/Rosca direta com barra.gif","da5c78940d741d5573624f6a341e8c8d6e1680625b595dddcde0c5beb74d165e","MIGRADO_FONTE_REVISADA"
"Avanço com halteres","media_21cfa5624897819f6a28","gifs/perna/Alongamento de avanço lateral.gif","e0f891eae2db4d0dd469d8577417a02128bb0e13a64f9acc4ff6fb26ff610dfb","SEM_FONTE_REVISADA"
"Avanço com halteres","media_b9bc429a3370c748bafe","gifs/Exercícios sem marca d'água/Avanço com halteres.gif","21442eff226f48095ceceb0a0451b17f04c37633d760ec28b040933f7abe9740","MIGRADO_FONTE_REVISADA"
"Escada ergométrica","media_22620fa426bc238ef5a2","gifs/Exercícios sem marca d'água/Máquina para escalar escadas.gif","a86735516b5a0366ece18ba344b9f6dd705766f0500527dcbdf7c5c21770aa67","MIGRADO_FONTE_REVISADA"
"Escada ergométrica","media_fdd2e7b062d30afc55b3","gifs/cardio/Simulador de escada.gif","b430f5ee458f8b4d145cf5bc091b19a50aece00505042ecb47b34f63ac0701a2","SEM_FONTE_REVISADA"
"Remada invertida","media_22f0c0c35d00a2c21360","gifs/costas/Remada invertida.gif","a73bbd1bb44a60e23b65841ec2bb623d9664908401426c74586f894c7d09730e","SEM_FONTE_REVISADA"
"Remada invertida","media_88705ad1ef0e1ab140ba","gifs/Exercícios sem marca d'água/Remada invertida.gif","1f484d5d5f317188f45ae62645d8dc9df4b33ed05e09e374229751ad82aaa46f","MIGRADO_FONTE_REVISADA"
"Elevação lateral na máquina","media_24e4a6315b1cf32fe07d","gifs/Exercícios sem marca d'água/Elevação lateral na máquina.gif","252ce35ce62db6767a3483ffce0c01161c521523be57cfc4f90685d079eb1ba2","MIGRADO_FONTE_REVISADA"
"Elevação lateral na máquina","media_8dd3a39236ffa91bc781","gifs/ombros/Máquina de elevação lateral.gif","f26b629e189207fbdd4ab10722aa34ce07f601ea03e654828d42ee54984018f9","SEM_FONTE_REVISADA"
"Abdominal completo","media_268cab95eea048617e6e","gifs/Exercícios sem marca d'água/Abdominal.gif","db72692bdfc8895305cf7b9dd11a5c174bf77bb0b57d6b42fb3c17a61cea951d","MIGRADO_FONTE_REVISADA"
"Abdominal completo","media_97ea713b7d2c43ae5210","gifs/abdominais/Crunch com elevação da perna.gif","60d2a52e5a4ffac472f5c974fd251a24697f7b1af503837faccbfae623cef944","SEM_FONTE_REVISADA"
"Abdominal canivete","media_26d8b89e775757f14d62","gifs/abdominais/Abdominal cruzada.gif","dba374bc5ce1ba06105a725abaa6fd0a1daa99601e1d30bdbfb80335ab360917","SEM_FONTE_REVISADA"
"Abdominal canivete","media_e94b760d6d4baa0f694b","gifs/Exercícios sem marca d'água/Abdominais canivetes.gif","67a6451a0152babf1f98363b2fd7ac837691e051e4321d7b7c17a00a6c8dadd6","MIGRADO_FONTE_REVISADA"
"Tríceps testa com barra","media_29d92338bd5c839be1c2","gifs/tríceps/Em pé com barra extensão de tríceps.gif","fc25f880f581566f87736d9250fd127da4f009e2cc20ce2546a1d9c44098a234","SEM_FONTE_REVISADA"
"Tríceps testa com barra","media_73f014adea062cb63c99","gifs/Exercícios sem marca d'água/Barra deitada atrás da cabeça, extensão de tríceps.gif","7772135e27ad0dec6c280b55558297fef928724c03f83303ff8408572b43b3e5","MIGRADO_FONTE_REVISADA"
"Levantamento terra com barra","media_29f0836044974a2635d9","gifs/Exercícios sem marca d'água/exercicios_renomeados_pt_br/030_levantamento_terra.gif","fef26a2dfec656db6658fa809de5bbb660aec1276997a0f82f452ba5afbacc66","MIGRADO_FONTE_REVISADA"
"Levantamento terra com barra","media_4f0b1b4f4222c7239f1f","gifs/perna/Levantamento terra.gif","270f9ee23406e4638ff7522b2c06b101f2ac527c2b6f66e2bb2760d45d3cde26","SEM_FONTE_REVISADA"
"Supino com pegada fechada","media_2a19365360e67c7c55e9","gifs/Exercícios sem marca d'água/Supino com pegada fechada.gif","593a1d7635147257857d8eec1c5bc2fb96426f463549ac8dca2ee68c02000736","MIGRADO_FONTE_REVISADA"
"Supino com pegada fechada","media_a58a3a28e9b6ff18adb2","gifs/tríceps/Supino com pegada fechada.gif","2b56ff1496793d6bf9ef360f420f1841f16a6ace5fd4d3f595df56d26673c1f7","SEM_FONTE_REVISADA"
"Mergulho de tríceps nas paralelas","media_2a1ff9a51c0cacc8f998","gifs/tríceps/Mergulhos de tríceps.gif","cd66eb0e3514936d45bb0f6caff45a400c98a085909aab5722ebc278e57a37a7","SEM_FONTE_REVISADA"
"Mergulho de tríceps nas paralelas","media_504dcebcc77dc9dc3bb1","gifs/Exercícios sem marca d'água/Mergulhos de tríceps.gif","895db742680ccd67985103e9cbf76008f897f9c465d2c65313d486b1614136e6","MIGRADO_FONTE_REVISADA"
"Crucifixo inclinado com halteres","media_2c6aecde2c95ce11e1f1","gifs/Exercícios sem marca d'água/Crucifixo inclinada com halteres.gif","155c3f7a17740e0fe28fa0ee1ee27d150a6efdd201227952c05f5b03de9eb59c","MIGRADO_FONTE_REVISADA"
"Crucifixo inclinado com halteres","media_a96b4103cf30417948f9","gifs/peitoral/Lever inclinado hammer supino.gif","01bee98a160cba98bb4def62203a2833086ed5c444a95979065c75a4a2005e46","SEM_FONTE_REVISADA"
"Flexão de joelhos ajoelhado na máquina","media_2f144a2ee74fb0466828","gifs/Exercícios sem marca d'água/Máquina ajoelhada flexão de perna.gif","f1707a71b4048523608fbb7c447d80f2b7416f1ae155243951c8f4c13ad451b1","MIGRADO_FONTE_REVISADA"
"Flexão de joelhos ajoelhado na máquina","media_79eda1f83b8b3cb5c4f1","gifs/perna/Alavanca ajoelhada flexão de perna.gif","aed769a7f90f695efabe797342fc4495a8efcca64787c6572520170c6af69b01","SEM_FONTE_REVISADA"
"Levantamento terra romeno com halteres","media_3062b485270585a01162","gifs/Exercícios sem marca d'água/Levantamento terra romeno com halteres.gif","16dbdeda96ec9ff6415ccb75f22bf449776e5f82f1409aa08189ea465b5ea7c3","MIGRADO_FONTE_REVISADA"
"Levantamento terra romeno com halteres","media_8508fd55c25cc78a6d6f","gifs/perna/Levantamento terra com halteres e perna reta.gif","1df819f6fa598ad6796d892aac62351e5479191fbbb641523fe6aa1f7802bb1c","SEM_FONTE_REVISADA"
"Extensão de tríceps acima da cabeça na polia","media_30668254aec6895ee7f3","gifs/Exercícios sem marca d'água/Extensão de tríceps acima da polia alta.gif","c89e0c137f425593968d2bcf7b5467cb7ef968edd8eb1bcc3bd158e958dd6fcc","MIGRADO_FONTE_REVISADA"
"Extensão de tríceps acima da cabeça na polia","media_45d976bdfc586c4e200c","gifs/tríceps/Na polia deitado extensão de tríceps.gif","979e36d2227117fce4f460bdebc9809c59d84c117fb516cf5a47e0da305cb726","SEM_FONTE_REVISADA"
"Desenvolvimento com barra sentado","media_30a01fe445607e39f555","gifs/Exercícios sem marca d'água/Desenvolvimento de ombros com barra.gif","12fdae9345ff502e8a468be76f77e93b2c12caeabbfabd0c84333824190526c8","MIGRADO_FONTE_REVISADA"
"Desenvolvimento com barra sentado","media_63f51b37a61a47d9965c","gifs/ombros/Press de ombro com barra.gif","f7fb567273d8c3ef49810e34dd137be666ecaf065837a1ff92c5650824ad9e1a","SEM_FONTE_REVISADA"
"Desenvolvimento alternado com halteres em pé","media_30c91e25d5f6dc810edf","gifs/ombros/Elevação frontal da placa de peso - Variação 6.gif","c222f9ff6a11615f0524a6d16423a1735fc15b5288bd079535626f781e1c6ca7","SEM_FONTE_REVISADA"
"Desenvolvimento alternado com halteres em pé","media_f86a0c1ca1e275ae71f5","gifs/Exercícios sem marca d'água/Supino alternado com halteres em pé.gif","820cb21196d2201ae4efe7c143aa3c6934d9c35f17dfe59372a65fbef4dfe19b","MIGRADO_FONTE_REVISADA"
"Crucifixo declinado com halteres","media_32efff8a44da2bda6a3c","gifs/Exercícios sem marca d'água/Recusar crucifixo com halteres.gif","d032c174607575f364931eec70c9bdbc7dffaf2225351315a5a098fd5532f0f3","MIGRADO_FONTE_REVISADA"
"Crucifixo declinado com halteres","media_bf8249c0f027460a1902","gifs/peitoral/Crucifixo declinado com halteres.gif","1e5ca01cb51a28e43120f38bbbceb44a76d345dd05031b765ab7d8ae1f872384","SEM_FONTE_REVISADA"
"Agachamento sumô com halteres","media_3511fc464b06ab0e6070","gifs/Exercícios sem marca d'água/Agachamento sumô com halteres.gif","40c39b9b4cc07bc558f7592a712c06a5390c81f2edabc424ee50f972ee42461d","MIGRADO_FONTE_REVISADA"
"Agachamento sumô com halteres","media_c263183525f85610dd12","gifs/perna/Alongamento de isquiotibiais sentado.gif","c81efaf240c57b85ebba5f4145bf5773941f6410916dbea77909f77410c05f66","SEM_FONTE_REVISADA"
"Avanço com barra","media_3604155c790e7773dad9","gifs/perna/Avanço lateral com barra.gif","9b6dce4ede122e0495475703ec155b1ed70664a58ca447fcdf3ecbd243c26301","SEM_FONTE_REVISADA"
"Avanço com barra","media_86056df84075f61cb215","gifs/Exercícios sem marca d'água/Avanço com barra.gif","0dd56ebeed3f954b93a2a275959e777d44db4010335c8daa8fa418e005c5cfeb","MIGRADO_FONTE_REVISADA"
"Avanço com barra","media_b7f96901b8ff4ca51a65","gifs/Avanço com barra - Passada com barra.gif","9b6dce4ede122e0495475703ec155b1ed70664a58ca447fcdf3ecbd243c26301","SEM_FONTE_REVISADA"
"Supino inclinado com barra","media_377beaa114d62af4723e","gifs/peitoral/Supino inclinado com barra.gif","d6c65746d63aa6f12370d3adf48de0ac5358862563a686939c90d4272acdcf1f","SEM_FONTE_REVISADA"
"Supino inclinado com barra","media_7bf71653cc625df900ac","gifs/Exercícios sem marca d'água/Supino inclinado com barra.gif","35b698e8a43d5d0d1f8844613b7ce37681036beeb13af9ce4c990edd674cfd33","MIGRADO_FONTE_REVISADA"
"Abdominal canivete cruzado","media_3854feeffe6d9766afb6","gifs/abdominais/Abdominal - Variação 5.gif","bf322f6e1fef7a48ff0ea8cb18a30afe1329da8171a39bd77b4bd64c7faebc61","SEM_FONTE_REVISADA"
"Abdominal canivete cruzado","media_58c1d09f80ca964035e3","gifs/Exercícios sem marca d'água/Não cruze, sente-se.gif","ee11e3dfa05189cd4b7d4a84bf6108b35e95c6fff7dda4d07c2611c025d07df6","MIGRADO_FONTE_REVISADA"
"Abdominal sentado no banco com joelhos ao peito","media_3a8f978b55666bbe6872","gifs/abdominais/Perna sentada no banco puxada para dentro.gif","36ea52802bbee4ff3be01553e4dae71d7793071afa22af25e817ff8d451ed917","SEM_FONTE_REVISADA"
"Abdominal sentado no banco com joelhos ao peito","media_cde3619970c8c5aa12cd","gifs/Exercícios sem marca d'água/Perna sentada no banco puxada para dentro.gif","fb32c0ee37489130ae34cd69b29d682c47544655079c67fec23670be8581fa05","MIGRADO_FONTE_REVISADA"
"Encolhimento de ombros com barra","media_3bf852fb5d393017c6f7","gifs/trapézio/Encolher de ombros com barra.gif","4a962d7a8473089513ec8ece424529ede8f31f5302e9ff81c1fad98dcc8ebb45","SEM_FONTE_REVISADA"
"Encolhimento de ombros com barra","media_6e8a4181e0592047c294","gifs/Exercícios sem marca d'água/Encolhimento de ombros com barra.gif","d15ed817178f52b201db952835efb97793a731ac236ae42902a23b83b885fdba","MIGRADO_FONTE_REVISADA"
"Elevação de joelhos deitado","media_3d0a7039d00a5ef74406","gifs/Exercícios sem marca d'água/Deitado, joelho levantado.gif","e9fa3735f1e774a6566bd3a5cf24d8d994450a13db870c7f100b680a7cc2739b","MIGRADO_FONTE_REVISADA"
"Elevação de joelhos deitado","media_541ebc3f3c283bacb104","gifs/abdominais/Deitado, joelho levantado - Variação 3.gif","91dea921bffc2d9535592b64307fef7f62b2c83903dde8a7e4a7d3cdf903e123","SEM_FONTE_REVISADA"
"Rosca Scott com halteres","media_3d58f1e842babfa309b4","gifs/biceps/Two com halteres preacher rosca.gif","be3cc3b518436e17c9b4dd087d8225837abc0d1569a6f4a3a7cb937b50ac99ae","SEM_FONTE_REVISADA"
"Rosca Scott com halteres","media_879ec42b4f9065b8f003","gifs/Exercícios sem marca d'água/Onda de pregador com halteres.gif","c53085f0e6891e322d1f388724cfbcfafdb4904b81e1f600bcfd954db4653bc0","MIGRADO_FONTE_REVISADA"
"Agachamento hack reverso","media_3d65500f975cea8c0c21","gifs/Exercícios sem marca d'água/Agachamento hack reverso.gif","e11dce41415b083e36a63b3d9299b9597e149d0fc464205ccc59e2c529a40d5a","MIGRADO_FONTE_REVISADA"
"Agachamento hack reverso","media_dbf0a1de4254674e5693","gifs/perna/Agachamento hack reverso.gif","532fd8b4b9dd4402f50bd77600f05b09873fc346da5ef348e2283c73c270a4e2","SEM_FONTE_REVISADA"
"Remada alta com barra EZ","media_3d8c9f09c82d663dd52a","gifs/Exercícios sem marca d'água/Remada alta da barra ez.gif","ed179b4729f5763629695eb8dea3ae7b47fa010c580da78b103f096f2e0e49db","MIGRADO_FONTE_REVISADA"
"Remada alta com barra EZ","media_80f2003ca5e062b72794","gifs/trapézio/Remada alta da barra ez - Variação 2.gif","8d45b54bf3a1afb34a88e2c0f329ad0c66917dfe526092ca8856950353953482","SEM_FONTE_REVISADA"
"Tríceps na polia","media_3f819029554bb4436461","gifs/Exercícios sem marca d'água/Empurrar para baixo.gif","48b70b758b1039bffc5dbc1daf6f58de5e818bb51e36ac0d4eca30752df29de2","MIGRADO_FONTE_REVISADA"
"Tríceps na polia","media_f55f0a96e3259e77c1d6","gifs/tríceps/Band skull crusher.gif","8b21848ba996f682193445467da6870ace7f0c69dd4968ab4c144d07637031d0","SEM_FONTE_REVISADA"
"Bicicleta ergométrica","media_43eb9dc40f4929c45699","gifs/cardio/Bicicleta ergométrica.gif","44a10c3fbb041e3475c7399a88fe43658a4963927f640862850f51c00025dbaf","SEM_FONTE_REVISADA"
"Bicicleta ergométrica","media_ef407b9761897c2cc114","gifs/Exercícios sem marca d'água/Bicicleta.gif","a5e5955f511d92b2e65ae7912c4ccc08b85ba2643f232325be250027053a0745","MIGRADO_FONTE_REVISADA"
"Remada landmine unilateral","media_43f45c654ebaccf9240b","gifs/costas/Remada da barra t.gif","0ba70c09e7fc33ac0296010d867eb6b42ce6f1a2ab1976e9da4e47d3a129cd2c","SEM_FONTE_REVISADA"
"Remada landmine unilateral","media_ff1549446f145f43ed94","gifs/Exercícios sem marca d'água/Remada landmine de um braço.gif","1a1c5307987718104677cff3e2586f12323fa20a539eeb08db53836bb06bfd4e","MIGRADO_FONTE_REVISADA"
"Elevação lateral com halteres","media_4465405e7809b638e2a1","gifs/ombros/Elevação frontal da placa de peso - Variação 5.gif","f3e7fcd7c8c4eac778411de795da2bf6237a6e18bf9bb4e2a3683c2c95e5581c","SEM_FONTE_REVISADA"
"Elevação lateral com halteres","media_c6ce58984b229dd1a1f7","gifs/Exercícios sem marca d'água/Elevação lateral com halteres.gif","f48d46e8485a3c2d8c6d9ef89301b0c8ea5ffaf81c2eb5486d353fde85ead408","MIGRADO_FONTE_REVISADA"
"Abdução de quadril na máquina","media_447a9f38e00f1ea93d14","gifs/Exercícios sem marca d'água/Máquina de abdução de quadril.gif","fcad793420eab4bd92741c0d233c520d1aebd3dbb1cacc54565aaf490df578c5","MIGRADO_FONTE_REVISADA"
"Abdução de quadril na máquina","media_460afc167576f2dd8ffa","gifs/glúteos/Máquina de abdução de quadril.gif","ee47823fd3962271ebe0044e92e936473da71cddb9904bb4da2d88e08bfb33a9","SEM_FONTE_REVISADA"
"Supino declinado na máquina","media_46694e0eabb29c027c3b","gifs/Exercícios sem marca d'água/Declínio na máquina, supino.gif","5aa8a9e4eb4eecf45505118b061e8e23e42cf72d7d1ec74fd29c612ed7335195","MIGRADO_FONTE_REVISADA"
"Supino declinado na máquina","media_e7624d994ae29e4cda16","gifs/peitoral/Supino declinado na máquina.gif","45b3aecd5813fef32ae8d23a715dd42e0a1867512d6f213d4fe3883ee24cdc2d","SEM_FONTE_REVISADA"
"Prancha reversa","media_46c81ef07cd292879b35","gifs/Exercícios sem marca d'água/exercicios_renomeados_pt_br/004_prancha_invertida.gif","dbee07ca9fce91fd86b1a069f00099d533d5b622e22d057a05e19e4c8c55be6e","MIGRADO_FONTE_REVISADA"
"Prancha reversa","media_a347a54f303cebbf8cea","gifs/abdominais/Levantamento de perna de prancha.gif","8bc8df93d8948915c512157ae079f628bb429a8315b4d58e737e0ac81387b8fe","SEM_FONTE_REVISADA"
"Elevação de panturrilhas sentado com barra","media_497ea238f2e06028b467","gifs/perna/Agachamento com barra.gif","c8785ee15bcc7c1a0704e99b1b2e6db0850396436650ed92c66a51fbba45ef1e","SEM_FONTE_REVISADA"
"Elevação de panturrilhas sentado com barra","media_e33ff75c8986a659aa70","gifs/Exercícios sem marca d'água/Panturrilha sentada com barra.gif","c33627fcfd2982866d0ed81c8bf5a1d50a911ad82f2be09de766e0d853f304d9","MIGRADO_FONTE_REVISADA"
"Puxada unilateral na polia alta","media_4ae7fcedd3acbf99d39f","gifs/Exercícios sem marca d'água/Cabo um braço pulldown lat.gif","74e1636d7034dbf5c5b5c4e4aa5d0ffedcc47e10201ac214a6d5b43bbf4baba9","MIGRADO_FONTE_REVISADA"
"Puxada unilateral na polia alta","media_baa2722717487d8e84d4","gifs/costas/Cabo um braço pulldown lat.gif","83202fe3d79cc23280d80c23c0ed3a6463eb7eb2377decac268aef9e6ca868f1","SEM_FONTE_REVISADA"
"Remada alta com halteres","media_4b8d72f99bd19a655b8a","gifs/trapézio/Encolher de ombros com halteres - Variação 2.gif","d76d1504720d847c1737ed648ed7a59a6334e306d8053cd2e72f88b2fa02f778","SEM_FONTE_REVISADA"
"Remada alta com halteres","media_8b5fce84f47199457b0c","gifs/ombros/Remada alta com halteres - Variação 3.gif","48c6663aa92b69fa9eb22cf45c0e37608aa384011c21da5a3dc9997748f56ad5","SEM_FONTE_REVISADA"
"Remada alta com halteres","media_ae194179e9185f759270","gifs/Exercícios sem marca d'água/Levantamento de halteres.gif","2c0cce0e93fc2f83523753a8c9919d76f34530e193e1e7e6157f9b85d3c6c053","MIGRADO_FONTE_REVISADA"
"Abdominal reverso","media_4bf0f198cbc3fdac28da","gifs/Exercícios sem marca d'água/Abdominal reverso.gif","62990ff6e893b0070d4e24a703a6c1d0c5c08883e29f83daaa691d1b6ee7e7d3","MIGRADO_FONTE_REVISADA"
"Abdominal reverso","media_b4ccce0d430ca7cc0d33","gifs/abdominais/Abdominal reversa.gif","6bed6d714431d530c62a97d08f832cec5f894ce9a518bad5a421849290dffa17","SEM_FONTE_REVISADA"
"Agachamento frontal com barra","media_4e6468a658481a45541b","gifs/Exercícios sem marca d'água/Agachamento frontal com barra.gif","103d7615fc3fdee08283833d21e0a88f8dbc40c7a3501528ca5f53aa427e4f51","MIGRADO_FONTE_REVISADA"
"Agachamento frontal com barra","media_64d0aec113a93ec1cdf1","gifs/perna/Em pé leg rosca with resistance band - Variação 2.gif","2e645b8bae45339c94f9c70a9c1e878c3579f6453503702abd8ec2f4c669eeb1","SEM_FONTE_REVISADA"
"Flexão de braços","media_4ee02330e3762d5a169f","gifs/Exercícios sem marca d'água/Empurrar para cima.gif","890aa64aef70bb5cc01064987efd80e7822b480df0e79628982f21448485835e","MIGRADO_FONTE_REVISADA"
"Flexão de braços","media_7a521567896c1987f95d","gifs/flexão de braços.gif","b78830fde349c9110775daf2f74ba42cbd23a09fe826dd1da60e2c9252cca93b","SEM_FONTE_REVISADA"
"Torção russa","media_4efa59ff9d80102eb5d5","gifs/Exercícios sem marca d'água/Torção russa.gif","26fe45899b701a964e5590d434e7ebeee6e2359ac615d24cc4a990a38bcd305c","MIGRADO_FONTE_REVISADA"
"Torção russa","media_dc261d442df7d3025042","gifs/abdominais/Torção russa.gif","a7a987f0287819726cebb44ceb12cd3d079068be9436a8986fe0fd88ccf945cb","SEM_FONTE_REVISADA"
"Leg press horizontal","media_53e9c83353bc06082e83","gifs/perna/Leg press horizontal.gif","0eee67d9cd0451b2bb230f7a579022eff14b3950f90403fdc32433010f0d035b","SEM_FONTE_REVISADA"
"Leg press horizontal","media_d96d5db94e704f7e45ee","gifs/Exercícios sem marca d'água/Leg press horizontal.gif","e44128c0ca9f953d3b9b15ac158ef50ca6b454362cc0d162728c42d721d4b1f9","MIGRADO_FONTE_REVISADA"
"Coice de glúteo em quatro apoios","media_5744c108e7b61ac95f38","gifs/Exercícios sem marca d'água/Burro chuta.gif","573cb54a9fc056a743acd18ed05840f478b767aecc417eaafdb779d74591ef66","MIGRADO_FONTE_REVISADA"
"Coice de glúteo em quatro apoios","media_7d1583860b02d101056b","gifs/glúteos/Hidrante.gif","acba3865fc8ebeb48f74db6b9be0e9f4dd203c0817b2e76d783111e0447e96e6","SEM_FONTE_REVISADA"
"Remada alta com barra","media_57d39e90b85820a1b19f","gifs/Exercícios sem marca d'água/Remada alta com barra.gif","d4ac10f805b413fa740344bfd32141399bc1084e36d15bbdaa0263330a9c293c","MIGRADO_FONTE_REVISADA"
"Remada alta com barra","media_b6773f6d6c3d4b42eeda","gifs/trapézio/Encolher de ombros com barra - Variação 2.gif","f48e6e0ffb9081337e276a3a498b126d83150ca093d18bd8660a472854fee163","SEM_FONTE_REVISADA"
"Levantamento terra romeno com barra","media_585f56a0f65b788dca0b","gifs/costas/Pulldown lat meio ajoelhado - Variação 2.gif","bebc78d0e86b7ce48ecf1985a82ad50a0fd128c20cb4ec5cbee44ad06d2665a9","SEM_FONTE_REVISADA"
"Levantamento terra romeno com barra","media_77ec7be36872b3856ccd","gifs/Exercícios sem marca d'água/Levantamento terra romeno.gif","4e7c6112a310a327627c7d01a45bc0a79f77945c60e5d20981021ceede51fee4","MIGRADO_FONTE_REVISADA"
"Levantamento terra romeno com barra","media_983f37f149bf5c87a736","gifs/perna/Agachamento, sustentação, panturrilha - Variação 2.gif","ca838d38ae1af2fa0041dd7ae57b4d1d4acc4fec2a7b2440f9d0b4c563a9fa6b","SEM_FONTE_REVISADA"
"Elevação frontal com anilha","media_5b342bc56963ecc5e222","gifs/ombros/Elevação frontal da placa de peso - Variação 4.gif","12e3b660d93e936e6a994f898ac66da0e24dedd0f99ef75eea97b908be6b962e","SEM_FONTE_REVISADA"
"Elevação frontal com anilha","media_b6b95c22f809905250d0","gifs/Exercícios sem marca d'água/Elevação frontal da placa de peso.gif","cd2072c44827a374954458196215d28015105a2df157b4cbe508b1193bc54ea4","MIGRADO_FONTE_REVISADA"
"Tesoura de pernas deitado","media_5b480e01e3b551f926ab","gifs/Exercícios sem marca d'água/Chute de tesoura deitado.gif","6fafcb4663e3a02d8e3aa88eebfb8ba276c1c454f9f94e96ba70fdd682573433","MIGRADO_FONTE_REVISADA"
"Tesoura de pernas deitado","media_e1ebd2bc5e186de43bdb","gifs/abdominais/Macacos de prancha com perna estendida.gif","ba5077e88727ff15923a6d9da90a35bb82afe4ea1177c999b3bd8360f90e74f7","SEM_FONTE_REVISADA"
"Encolhimento de ombros com halteres","media_5c1e48c4bc795db80328","gifs/Exercícios sem marca d'água/Encolhimento de ombros com halteres.gif","649ad2cce55329151ce183a1d1e6a67d6db9d38dc5976a9b62182a230985a1ed","MIGRADO_FONTE_REVISADA"
"Encolhimento de ombros com halteres","media_e263f191fee375377650","gifs/trapézio/Encolher de ombros com halteres.gif","0c65869fe4184370b58bc43b104a71f2e40c7048b372cd8a413262f0cfaaf817","SEM_FONTE_REVISADA"
"Vácuo abdominal em quatro apoios","media_5dec271a7901b7364e3b","gifs/Exercícios sem marca d'água/Exercício de vácuo de barriga de 4 pontos.gif","87de26ea9d946689a1b317b436b8face509fb05d1e9b0025ab1c6465de1e41c3","MIGRADO_FONTE_REVISADA"
"Vácuo abdominal em quatro apoios","media_b11b1e0995f4962f618b","gifs/abdominais/Exercício de vácuo de barriga de 4 pontos.gif","900fc382e100b7338069c7a1061cd61cc2a59916a2b6a8a54dd6609793c17955","SEM_FONTE_REVISADA"
"Mergulho escapular no banco","media_601eacc717cf7cbaa93a","gifs/trapézio/Mergulhos da escápula.gif","1d92492bbd72da2357fb3ff26dcaf5da357a3206ca0501a9cddc430b27cc110c","SEM_FONTE_REVISADA"
"Mergulho escapular no banco","media_fd35e161570d92844a93","gifs/Exercícios sem marca d'água/Mergulhos da escápula.gif","267a1b38f351355a3f06234129900ccab6466242cda3c84fd6fae69381930ddf","MIGRADO_FONTE_REVISADA"
"Agachamento búlgaro com halteres","media_6161f56d9be8008ff7f6","gifs/perna/Agachamento dividido búlgaro com halteres.gif","15cb9fc0013532202b9cb76d63ef1f3fe6a70bd9b49f3ed0f0087bdd3a4332fb","SEM_FONTE_REVISADA"
"Agachamento búlgaro com halteres","media_7da8b8027fd4a8bddf1e","gifs/Exercícios sem marca d'água/Agachamento búlgaro com halteres.gif","a35db2657e954a7c34211fdae82b98bbd0a0e18ab8ed2dce030d033897f5ccf5","MIGRADO_FONTE_REVISADA"
"Remo ergométrico","media_71a8f5c1901cb77c3de0","gifs/Exercícios sem marca d'água/Máquina de remo.gif","08b2e2e4c753a52637c7be97a6c2c9c3081e3cbb960e3ab846083efe5b2034a3","MIGRADO_FONTE_REVISADA"
"Remo ergométrico","media_e53f02d62dcd66c5b22c","gifs/costas/Máquina de remo.gif","9f141b148177086aaa3fe4ac0e4c3b624c5b10ecfb9fbdb1006550e2c5a5c9a0","SEM_FONTE_REVISADA"
"Pullover com halter no banco","media_7229af074db2bf70707e","gifs/peitoral/Pullover com halter no banco.gif","5cb9c311012e5b21580bf459a83c5321f856b22f35f159eb929f756558f56754","SEM_FONTE_REVISADA"
"Pullover com halter no banco","media_f0ef64c2eebd6b03e461","gifs/costas/Com halteres seal remada.gif","be29178c3857646bf968baec93b0aa4e2df5b103365341132b3f2e823407510b","MIGRADO_FONTE_REVISADA"
"Desenvolvimento com halteres sentado","media_73fff0106ec6850ed69f","gifs/peitoral/Supino com halteres sentado.gif","f13f5c3976e47342e5b0dc6761a5539380d6b2b6f89988d4e1476999d29af53f","SEM_FONTE_REVISADA"
"Desenvolvimento com halteres sentado","media_b1e35224e3747566ebaf","gifs/ombros/Face pull with resistance band - Variação 2.gif","7d1aa5d3330e51add7329ecf9a0e261d5c7473f36c67642d7195de9a141c945d","MIGRADO_FONTE_REVISADA"
"Toque de caranguejo com rotação","media_743cb87d82dfedb2deef","gifs/abdominais/Toque de torção de caranguejo.gif","ca2efa48c966980342887dea5f8063634cf7fe90c44b5f9153db499f6cef4bba","SEM_FONTE_REVISADA"
"Toque de caranguejo com rotação","media_aacc97e352cb7c22fef8","gifs/Exercícios sem marca d'água/Postura de caranguejo - Toque de torção de caranguejo.gif","b251d80e4103ea02943417a139d19e00fb5a1236746c3065349ef39b021fc2cf","MIGRADO_FONTE_REVISADA"
"Supino declinado com halteres","media_84caf5c2fa0ec08e48d6","gifs/peitoral/Supino declinado com halteres - Variação.gif","14f6e9fe9ae7e43acb6e751e3211dd31d7444d676b8d67e5244b10f6830b78b9","SEM_FONTE_REVISADA"
"Supino declinado com halteres","media_f065536813e7db4b1a55","gifs/Exercícios sem marca d'água/Supino declinado com halteres.gif","2363f344452d018eadeb0b360520135523ab8a64c4f077c5551ff7d71696bc8c","MIGRADO_FONTE_REVISADA"
"Flexão lateral do tronco no banco romano","media_853b07ac97a1f24cc9c1","gifs/Exercícios sem marca d'água/Flexão lateral do banco.gif","ec14f40fe018bf3db1c1c346587dc150b8c807a9d3f06131fa0ed81fda943751","MIGRADO_FONTE_REVISADA"
"Flexão lateral do tronco no banco romano","media_a6863f94bc4e3e34b6cf","gifs/abdominais/Abdominal - Variação 8.gif","980e4763c6838c29acc55d6728507bb3a0ac19c224281ce53da00e89bb5c735e","SEM_FONTE_REVISADA"
"Remada curvada com barra","media_91511fe109dc1b7aea91","gifs/Exercícios sem marca d'água/Barra curvada sobre a remada.gif","d403e398c6e8c6d3274545a38a44baa9c2d62a752c365a21ae5841b531d14d7d","MIGRADO_FONTE_REVISADA"
"Remada curvada com barra","media_a3cbee62cceb6c45afe3","gifs/costas/Barra curvada sobre a remada.gif","be822b5ea7e1ef3dc94bb13603e3e2a0eaa5c52a3dbc4eb55d664d13a995f916","SEM_FONTE_REVISADA"
"Remada curvada com barra","media_f0f4901a1ab278ca1c1b","gifs/exercícios-de-costas/Barra curvada sobre a remada.gif","be822b5ea7e1ef3dc94bb13603e3e2a0eaa5c52a3dbc4eb55d664d13a995f916","SEM_FONTE_REVISADA"
"Elevação de panturrilhas em pé na máquina","media_936ed88ed436afac77fa","gifs/Exercícios sem marca d'água/Máquina de supino em pé para panturrilha.gif","124822992928d414d87102e70cad8500be800c692a19f0e46f3db854b21b6558","MIGRADO_FONTE_REVISADA"
"Elevação de panturrilhas em pé na máquina","media_f382a374c92d1910752a","gifs/panturrilha/Elevação de panturrilhas em pé na máquina.gif","2fc49fade3743743bdd6bf4b9896152389340161cf731425ee4853ceaf88c36f","SEM_FONTE_REVISADA"
"Flexão lateral do tronco com halter","media_956260b1daa34149bc25","gifs/abdominais/Twist down up with resistance band - Variação 3.gif","e0e70ba37a392e7d87ad5bc4b0057d3bc698326d5c3e109895d3a8f230be818a","SEM_FONTE_REVISADA"
"Flexão lateral do tronco com halter","media_d765417591c0eb623e40","gifs/Exercícios sem marca d'água/Flexão lateral com halteres.gif","4456ec1be25e768b7980fd3f8595448a21707f56795390b501a17e06cf5a7967","MIGRADO_FONTE_REVISADA"
"Agachamento na máquina abdutora","media_a056a94c9c19680f162c","gifs/Exercícios sem marca d'água/Agache-se na máquina abdutora.gif","ff3f63a87b2400712788ae3c33e4e9b8b12b1bdd9aaed2a527ba1e301b53b5fc","MIGRADO_FONTE_REVISADA"
"Agachamento na máquina abdutora","media_a4a3f4dec5ff156fda53","gifs/glúteos/Agache-se na máquina abdutora.gif","664c34d5da193bafd4ccfe5aaacef5cfdfcb4b2ffdba952b07055a3f6706cf5b","SEM_FONTE_REVISADA"
"Remada curvada com halteres","media_a28cf3b2774515d7458b","gifs/costas/Curvado sobre a remada com halteres.gif","b9ef289048d12a5d9cce65f8d1fd630cd2a1ae1b6a29f428b6de4f0aeb238103","SEM_FONTE_REVISADA"
"Remada curvada com halteres","media_de98dd9b70cd2ad18bf8","gifs/Exercícios sem marca d'água/Curvado sobre a remada com halteres.gif","e26cacc22bcf4df7da96738e4b419ba522e2b451abef4b1c4f199af9e97c9f0e","MIGRADO_FONTE_REVISADA"
"Rotação landmine","media_ac3e58b4be3f47ccf5a7","gifs/Exercícios sem marca d'água/Torção de mina terrestre.gif","06bca1d2a1c734b459f3862319d94077fa06dd9a1b6cb6c5c3860ee76199a9b6","MIGRADO_FONTE_REVISADA"
"Rotação landmine","media_c811fae948c85ad2d17d","gifs/abdominais/Torção de mina terrestre - Variação 3.gif","7f14f5f1da83825efea6c824800ad721476d7f60b3790292c2a26e4e1bf92126","SEM_FONTE_REVISADA"
"Elevação frontal com halteres","media_acc5dd489702819108a8","gifs/Exercícios sem marca d'água/Elevação frontal com halteres.gif","f45b90503f19ccff0c5d1a9d319e8d4c168ba635c6365443e96f3b3c78a7523a","MIGRADO_FONTE_REVISADA"
"Elevação frontal com halteres","media_e3f4dc43b857f66c3c2b","gifs/ombros/Elevação frontal da placa de peso - Variação 2.gif","ce476a66a297bff4163814c6b34ac235ee469809433a1f44f445309b1f390d7e","SEM_FONTE_REVISADA"
"Elíptico","media_b18f3aa2373c7edaf2cc","gifs/cardio/Elíptico.gif","1919fae043a40b80b8f8c7522dd1bb0b87b63428200446d91f2370aec45533b5","SEM_FONTE_REVISADA"
"Elíptico","media_cc635b67c677c9633be3","gifs/Exercícios sem marca d'água/Máquina elíptica.gif","f8153702e09e843db636afa2c03ba3b9e44d11dbf8e23b93cfa027265030818f","MIGRADO_FONTE_REVISADA"
"Elevação alternada de pernas deitado","media_b19f404ad8b36f775b70","gifs/Exercícios sem marca d'água/Elevação alternada da perna deitada no chão.gif","0f4c4a244f39d2310ef750ae814e9474fe7b708c4c5ced802d83524963800903","MIGRADO_FONTE_REVISADA"
"Elevação alternada de pernas deitado","media_b34d752f2f41520da005","gifs/abdominais/Elevações alternadas das pernas.gif","aa744f5ef8d1878ac6ab46035993cde3769ca59e76833d95b9441d10cef1ba9c","SEM_FONTE_REVISADA"
"Agachamento livre com barra","media_b3d429b75b4b06623725","gifs/perna/Agachamento aéreo.gif","6561234da6838d47cf3b45d1abfc5650abcfdfe38c0226f22dd0d27027da0bcb","SEM_FONTE_REVISADA"
"Agachamento livre com barra","media_ebcddffdd8c7d3e7f722","gifs/Exercícios sem marca d'água/Agachamento.gif","41ef4cdb8e08d4af5b5e15f766b207a9d034b294478d5e526fd5467090b4a80f","MIGRADO_FONTE_REVISADA"
"Flexão de joelhos deitado na máquina","media_bf7dcd05de3fcbcbe200","gifs/Exercícios sem marca d'água/Flexão de perna.gif","a92a077642d6b525b68c480348634f8a5ce89316cbd45c56d435f86ce9e24a94","MIGRADO_FONTE_REVISADA"
"Flexão de joelhos deitado na máquina","media_df41698b4743784b404a","gifs/perna/Flexão de perna.gif","4d822e1b0db20c1749eee55d2d9b0a5e98981a41108c0461196ee621e98c6a18","SEM_FONTE_REVISADA"
"Tríceps testa unilateral com halter","media_d4d906e8647ff1f4b3ea","gifs/tríceps/Unilateral pronated com halteres extensão de tríceps.gif","e7934f3c6b97373a187674ff7fde6358d13b426b469989bb77a620d633b50ed6","SEM_FONTE_REVISADA"
"Tríceps testa unilateral com halter","media_f935dde48069be02f01d","gifs/Exercícios sem marca d'água/Extensão de tríceps deitada com um braço.gif","3c1e3dc63d3a7fbe61a5261777230c2dc306f60b44a885aad764823c56399de1","MIGRADO_FONTE_REVISADA"
