"id","nome","nome_anterior","arquivo_gif","hash_gif","classificacao","possivel_equivalente_source","motivo"
"media_075aed4bce982e87db50","Elevação frontal alternada com halteres","Elevação frontal alternada com halteres","gifs/ombros/Remada alta com barra - Variação 2.gif","a71491ec1a7f6caaaaf803954a5045dfdfbb1f2a79f10bb5fbf90b117db64a89","SEM_FONTE_REVISADA","","Não existe pasta/TXT correspondente na fonte revisada atual."
"media_0814ad01ce14be4d20be","Crucifixo inverso na máquina","Crucifixo inverso na máquina","gifs/costas/Remada delt traseira com halteres.gif","f9f636aef5e26fc2f3eef43189e56f255431d2cdf0a2dced0e627be21feae4c5","SEM_FONTE_REVISADA","","Não existe pasta/TXT correspondente na fonte revisada atual."
"media_08279b0479d5199ce0b0","Desenvolvimento militar com barra e pegada aberta","Desenvolvimento militar com barra e pegada aberta","gifs/ombros/Cabo traseiro delt fly.gif","79c786daa7a1ff126ce0b8ee16be61090c1bcf474c072fa5e882898ac4ec981d","SEM_FONTE_REVISADA","","Não existe pasta/TXT correspondente na fonte revisada atual."
"media_0839112e00d4f6719204","Elevação de pernas deitado","Elevação de pernas deitado","gifs/abdominais/Abdominal - Variação 9.gif","6a988e0bf67b394d78ccd6bc044f9c46d2c1aee44493f4a06fa68f1fdbec8fb9","SEM_FONTE_REVISADA","","Não existe pasta/TXT correspondente na fonte revisada atual."
"media_1070a81e5b6958fb1ad9","Flexão de joelhos na bola suíça","Flexão de joelhos na bola suíça","gifs/perna/Hackear agachamento de panturrilha.gif","1ffea757e7634acdedb1afb61c8431eff1273730677fc598be6075623fcf9fe5","SEM_FONTE_REVISADA","","Não existe pasta/TXT correspondente na fonte revisada atual."
"media_166a78f87d50aeef5eb5","Super-homem","Super-homem","gifs/abdominais/Abdominal ponderada - Variação 2.gif","285980cb4b6e4257d1a4d2df284e9e570fdf3c8a0756d5aa511b02e9a9a04830","SEM_FONTE_REVISADA","","Não existe pasta/TXT correspondente na fonte revisada atual."
"media_18470f2c32d3b7a61a9d","Agachamento com salto","","gifs/Wrist circles alongamento.gif","066913b4b081da3c36aaf1ab772476a22836fcee7b9b13edf4f88638b6e2fe9c","SEM_FONTE_REVISADA","","Não existe pasta/TXT correspondente na fonte revisada atual."
"media_1b5bc484b4df28642408","Abdominal bicicleta","Abdominal bicicleta","gifs/abdominais/Crunch com elevação da perna - Variação 4.gif","a881dfad2ea1e29f5fe771a154b24392d686b997b75a1f6daf6ad6166ff68b61","SEM_FONTE_REVISADA","","Não existe pasta/TXT correspondente na fonte revisada atual."
"media_1b838128b9afdaab51f8","Abdominal ajoelhado na polia","Abdominal ajoelhado na polia","gifs/abdominais/Ajoelhado, trituração de cabo.gif","82e42823a1f0fffccd673d7c176442f087a3789236bdf7f9fdb79ab86e543f9f","SEM_FONTE_REVISADA","","Não existe pasta/TXT correspondente na fonte revisada atual."
"media_1b95a3001e3ee0074fc5","Supino inclinado com halteres","Supino inclinado com halteres","gifs/peitoral/Supino inclinado com halteres.gif","d5cbf27d2c1a965c1b412c8e8b510322cf95f7ed63b1febaf459d1c26aadc62e","SEM_FONTE_REVISADA","","Não existe pasta/TXT correspondente na fonte revisada atual."
"media_2025674f14f6c158a4cd","Levantamento terra com barra - Variação 2","Levantamento terra com barra - Variação 2","gifs/perna/Sentado cadeira extensora with resistance band.gif","5d0dbe3bb6a25f2e6ceabec5373c157f6bbd65bc3fbbada6fd4f3feca5639edd","SEM_FONTE_REVISADA","","Não existe pasta/TXT correspondente na fonte revisada atual."
"media_2052816ce53bf20adbef","Desenvolvimento cubano sentado com halteres","Desenvolvimento cubano sentado com halteres","gifs/ombros/Remada alta com halteres - Variação 5.gif","3768549975cf1e5efbcf6d4148ca24fdf529299a7fb097db8e6b36b16ce9206c","SEM_FONTE_REVISADA","","Não existe pasta/TXT correspondente na fonte revisada atual."
"media_215d7e071a7a86cd3084","Rosca direta com barra","Rosca direta com barra","gifs/biceps/Com barra alternate biceps rosca - Variação 4.gif","10ec5df793578abd7f3a25d2e98ffcaa5a154e4f80955ca0e1b537bdc5e03f38","SEM_FONTE_REVISADA","","Não existe pasta/TXT correspondente na fonte revisada atual."
"media_21cfa5624897819f6a28","Avanço com halteres","Avanço com halteres","gifs/perna/Alongamento de avanço lateral.gif","e0f891eae2db4d0dd469d8577417a02128bb0e13a64f9acc4ff6fb26ff610dfb","SEM_FONTE_REVISADA","","Não existe pasta/TXT correspondente na fonte revisada atual."
"media_22f0c0c35d00a2c21360","Remada invertida","Remada invertida","gifs/costas/Remada invertida.gif","a73bbd1bb44a60e23b65841ec2bb623d9664908401426c74586f894c7d09730e","SEM_FONTE_REVISADA","","Não existe pasta/TXT correspondente na fonte revisada atual."
"media_26d8b89e775757f14d62","Abdominal canivete","Abdominal canivete","gifs/abdominais/Abdominal cruzada.gif","dba374bc5ce1ba06105a725abaa6fd0a1daa99601e1d30bdbfb80335ab360917","SEM_FONTE_REVISADA","","Não existe pasta/TXT correspondente na fonte revisada atual."
"media_27df1a90dcf13f06dcc9","Abdução de quadril na polia","","gifs/glúteos/Abdução de quadril por cabo.gif","46a1cd07ace34832b331bca5b6b5cee9a199663792898f88b32d7fea1a78fc89","SEM_FONTE_REVISADA","","Não existe pasta/TXT correspondente na fonte revisada atual."
"media_29d92338bd5c839be1c2","Tríceps testa com barra","Tríceps testa com barra","gifs/tríceps/Em pé com barra extensão de tríceps.gif","fc25f880f581566f87736d9250fd127da4f009e2cc20ce2546a1d9c44098a234","SEM_FONTE_REVISADA","","Não existe pasta/TXT correspondente na fonte revisada atual."
"media_2a1ff9a51c0cacc8f998","Mergulho de tríceps nas paralelas","Mergulho de tríceps nas paralelas","gifs/tríceps/Mergulhos de tríceps.gif","cd66eb0e3514936d45bb0f6caff45a400c98a085909aab5722ebc278e57a37a7","SEM_FONTE_REVISADA","","Não existe pasta/TXT correspondente na fonte revisada atual."
"media_2dc1df89ee21cdc78c3f","Escalador cruzado","","gifs/Escalador - Mountain climber.gif","716f688328aaf5b71b8e665071ac6d149e4abf01ddca6185cfb6111c72d48ef8","SEM_FONTE_REVISADA","","Não existe pasta/TXT correspondente na fonte revisada atual."
"media_30c91e25d5f6dc810edf","Desenvolvimento alternado com halteres em pé","Desenvolvimento alternado com halteres em pé","gifs/ombros/Elevação frontal da placa de peso - Variação 6.gif","c222f9ff6a11615f0524a6d16423a1735fc15b5288bd079535626f781e1c6ca7","SEM_FONTE_REVISADA","","Não existe pasta/TXT correspondente na fonte revisada atual."
"media_3604155c790e7773dad9","Avanço com barra","Avanço com barra","gifs/perna/Avanço lateral com barra.gif","9b6dce4ede122e0495475703ec155b1ed70664a58ca447fcdf3ecbd243c26301","SEM_FONTE_REVISADA","","Não existe pasta/TXT correspondente na fonte revisada atual."
"media_377beaa114d62af4723e","Supino inclinado com barra","Supino inclinado com barra","gifs/peitoral/Supino inclinado com barra.gif","d6c65746d63aa6f12370d3adf48de0ac5358862563a686939c90d4272acdcf1f","SEM_FONTE_REVISADA","","Não existe pasta/TXT correspondente na fonte revisada atual."
"media_3854feeffe6d9766afb6","Abdominal canivete cruzado","Abdominal canivete cruzado","gifs/abdominais/Abdominal - Variação 5.gif","bf322f6e1fef7a48ff0ea8cb18a30afe1329da8171a39bd77b4bd64c7faebc61","SEM_FONTE_REVISADA","","Não existe pasta/TXT correspondente na fonte revisada atual."
"media_3a8f978b55666bbe6872","Abdominal sentado no banco com joelhos ao peito","Abdominal sentado no banco com joelhos ao peito","gifs/abdominais/Perna sentada no banco puxada para dentro.gif","36ea52802bbee4ff3be01553e4dae71d7793071afa22af25e817ff8d451ed917","SEM_FONTE_REVISADA","","Não existe pasta/TXT correspondente na fonte revisada atual."
"media_3bf852fb5d393017c6f7","Encolhimento de ombros com barra","Encolhimento de ombros com barra","gifs/trapézio/Encolher de ombros com barra.gif","4a962d7a8473089513ec8ece424529ede8f31f5302e9ff81c1fad98dcc8ebb45","SEM_FONTE_REVISADA","","Não existe pasta/TXT correspondente na fonte revisada atual."
"media_3d58f1e842babfa309b4","Rosca Scott com halteres","Rosca Scott com halteres","gifs/biceps/Two com halteres preacher rosca.gif","be3cc3b518436e17c9b4dd087d8225837abc0d1569a6f4a3a7cb937b50ac99ae","SEM_FONTE_REVISADA","","Não existe pasta/TXT correspondente na fonte revisada atual."
"media_432fd9da37b2f521850b","Remada alta com halteres - Variação 2","Remada alta com halteres - Variação 2","gifs/trapézio/Remada alta com halteres.gif","0394b6cdad5b0093fdcb812d421e6ac135bbfe1b1a49204480e4e8f45e9a1f41","SEM_FONTE_REVISADA","","Não existe pasta/TXT correspondente na fonte revisada atual."
"media_43eb9dc40f4929c45699","Bicicleta ergométrica","Bicicleta ergométrica","gifs/cardio/Bicicleta ergométrica.gif","44a10c3fbb041e3475c7399a88fe43658a4963927f640862850f51c00025dbaf","SEM_FONTE_REVISADA","","Não existe pasta/TXT correspondente na fonte revisada atual."
"media_43f45c654ebaccf9240b","Remada landmine unilateral","Remada landmine unilateral","gifs/costas/Remada da barra t.gif","0ba70c09e7fc33ac0296010d867eb6b42ce6f1a2ab1976e9da4e47d3a129cd2c","SEM_FONTE_REVISADA","","Não existe pasta/TXT correspondente na fonte revisada atual."
"media_4465405e7809b638e2a1","Elevação lateral com halteres","Elevação lateral com halteres","gifs/ombros/Elevação frontal da placa de peso - Variação 5.gif","f3e7fcd7c8c4eac778411de795da2bf6237a6e18bf9bb4e2a3683c2c95e5581c","SEM_FONTE_REVISADA","","Não existe pasta/TXT correspondente na fonte revisada atual."
"media_45d976bdfc586c4e200c","Extensão de tríceps acima da cabeça na polia","Extensão de tríceps acima da cabeça na polia","gifs/tríceps/Na polia deitado extensão de tríceps.gif","979e36d2227117fce4f460bdebc9809c59d84c117fb516cf5a47e0da305cb726","SEM_FONTE_REVISADA","","Não existe pasta/TXT correspondente na fonte revisada atual."
"media_460afc167576f2dd8ffa","Abdução de quadril na máquina","Abdução de quadril na máquina","gifs/glúteos/Máquina de abdução de quadril.gif","ee47823fd3962271ebe0044e92e936473da71cddb9904bb4da2d88e08bfb33a9","SEM_FONTE_REVISADA","","Não existe pasta/TXT correspondente na fonte revisada atual."
"media_497ea238f2e06028b467","Elevação de panturrilhas sentado com barra","Elevação de panturrilhas sentado com barra","gifs/perna/Agachamento com barra.gif","c8785ee15bcc7c1a0704e99b1b2e6db0850396436650ed92c66a51fbba45ef1e","POSSIVEL_DUPLICATA_DE_MIDIA","Rosca de punho com barra sentado","Hash do GIF coincide com ficha revisada já mapeada; requer decisão humana antes de consolidar."
"media_4b8d72f99bd19a655b8a","Remada alta com halteres","Remada alta com halteres","gifs/trapézio/Encolher de ombros com halteres - Variação 2.gif","d76d1504720d847c1737ed648ed7a59a6334e306d8053cd2e72f88b2fa02f778","SEM_FONTE_REVISADA","","Não existe pasta/TXT correspondente na fonte revisada atual."
"media_4f0b1b4f4222c7239f1f","Levantamento terra com barra","Levantamento terra com barra","gifs/perna/Levantamento terra.gif","270f9ee23406e4638ff7522b2c06b101f2ac527c2b6f66e2bb2760d45d3cde26","SEM_FONTE_REVISADA","","Não existe pasta/TXT correspondente na fonte revisada atual."
"media_518ccd373cc5065584c0","Supino em pé com elástico","Supino em pé com elástico","gifs/peitoral/Supino em pé com elástico.gif","938ed175dbcfcc0d987607e234dd164352eaeeb01f00e1128621ab51208eabd3","SEM_FONTE_REVISADA","","Não existe pasta/TXT correspondente na fonte revisada atual."
"media_53616f31faba330535bc","Avanço reverso com halteres","Avanço reverso com halteres","gifs/perna/Avanço traseira com halteres.gif","a5266133d93eca260119be5db2221af6f337eb2f38dd404e74ebf6e3edd6fa0e","SEM_FONTE_REVISADA","","Não existe pasta/TXT correspondente na fonte revisada atual."
"media_53e9c83353bc06082e83","Leg press horizontal","Leg press horizontal","gifs/perna/Leg press horizontal.gif","0eee67d9cd0451b2bb230f7a579022eff14b3950f90403fdc32433010f0d035b","SEM_FONTE_REVISADA","","Não existe pasta/TXT correspondente na fonte revisada atual."
"media_541ebc3f3c283bacb104","Elevação de joelhos deitado","Elevação de joelhos deitado","gifs/abdominais/Deitado, joelho levantado - Variação 3.gif","91dea921bffc2d9535592b64307fef7f62b2c83903dde8a7e4a7d3cdf903e123","SEM_FONTE_REVISADA","","Não existe pasta/TXT correspondente na fonte revisada atual."
"media_585f56a0f65b788dca0b","Levantamento terra romeno com barra","Levantamento terra romeno com barra","gifs/costas/Pulldown lat meio ajoelhado - Variação 2.gif","bebc78d0e86b7ce48ecf1985a82ad50a0fd128c20cb4ec5cbee44ad06d2665a9","SEM_FONTE_REVISADA","","Não existe pasta/TXT correspondente na fonte revisada atual."
"media_5b342bc56963ecc5e222","Elevação frontal com anilha","Elevação frontal com anilha","gifs/ombros/Elevação frontal da placa de peso - Variação 4.gif","12e3b660d93e936e6a994f898ac66da0e24dedd0f99ef75eea97b908be6b962e","SEM_FONTE_REVISADA","","Não existe pasta/TXT correspondente na fonte revisada atual."
"media_601eacc717cf7cbaa93a","Mergulho escapular no banco","Mergulho escapular no banco","gifs/trapézio/Mergulhos da escápula.gif","1d92492bbd72da2357fb3ff26dcaf5da357a3206ca0501a9cddc430b27cc110c","SEM_FONTE_REVISADA","","Não existe pasta/TXT correspondente na fonte revisada atual."
"media_6161f56d9be8008ff7f6","Agachamento búlgaro com halteres","Agachamento búlgaro com halteres","gifs/perna/Agachamento dividido búlgaro com halteres.gif","15cb9fc0013532202b9cb76d63ef1f3fe6a70bd9b49f3ed0f0087bdd3a4332fb","SEM_FONTE_REVISADA","","Não existe pasta/TXT correspondente na fonte revisada atual."
"media_63f51b37a61a47d9965c","Desenvolvimento com barra sentado","Desenvolvimento com barra sentado","gifs/ombros/Press de ombro com barra.gif","f7fb567273d8c3ef49810e34dd137be666ecaf065837a1ff92c5650824ad9e1a","SEM_FONTE_REVISADA","","Não existe pasta/TXT correspondente na fonte revisada atual."
"media_64d0aec113a93ec1cdf1","Agachamento frontal com barra","Agachamento frontal com barra","gifs/perna/Em pé leg rosca with resistance band - Variação 2.gif","2e645b8bae45339c94f9c70a9c1e878c3579f6453503702abd8ec2f4c669eeb1","SEM_FONTE_REVISADA","","Não existe pasta/TXT correspondente na fonte revisada atual."
"media_67217bfce5dfe23be6f9","Elevação frontal com anilhas","","gifs/ombros/Elevação frontal da placa de peso - Variação 9.gif","95b324d2744521929b3a006e2749a4691735812de6e81a9d1dcdb5367ead179a","SEM_FONTE_REVISADA","","Não existe pasta/TXT correspondente na fonte revisada atual."
"media_7229af074db2bf70707e","Pullover com halter no banco","","gifs/peitoral/Pullover com halter no banco.gif","5cb9c311012e5b21580bf459a83c5321f856b22f35f159eb929f756558f56754","SEM_FONTE_REVISADA","","Não existe pasta/TXT correspondente na fonte revisada atual."
"media_73fff0106ec6850ed69f","Desenvolvimento com halteres sentado","","gifs/peitoral/Supino com halteres sentado.gif","f13f5c3976e47342e5b0dc6761a5539380d6b2b6f89988d4e1476999d29af53f","SEM_FONTE_REVISADA","","Não existe pasta/TXT correspondente na fonte revisada atual."
"media_743cb87d82dfedb2deef","Toque de caranguejo com rotação","Toque de caranguejo com rotação","gifs/abdominais/Toque de torção de caranguejo.gif","ca2efa48c966980342887dea5f8063634cf7fe90c44b5f9153db499f6cef4bba","SEM_FONTE_REVISADA","","Não existe pasta/TXT correspondente na fonte revisada atual."
"media_79eda1f83b8b3cb5c4f1","Flexão de joelhos ajoelhado na máquina","Flexão de joelhos ajoelhado na máquina","gifs/perna/Alavanca ajoelhada flexão de perna.gif","aed769a7f90f695efabe797342fc4495a8efcca64787c6572520170c6af69b01","SEM_FONTE_REVISADA","","Não existe pasta/TXT correspondente na fonte revisada atual."
"media_7a521567896c1987f95d","Flexão de braços","","gifs/flexão de braços.gif","b78830fde349c9110775daf2f74ba42cbd23a09fe826dd1da60e2c9252cca93b","SEM_FONTE_REVISADA","","Não existe pasta/TXT correspondente na fonte revisada atual."
"media_7d1583860b02d101056b","Coice de glúteo em quatro apoios","Coice de glúteo em quatro apoios","gifs/glúteos/Hidrante.gif","acba3865fc8ebeb48f74db6b9be0e9f4dd203c0817b2e76d783111e0447e96e6","SEM_FONTE_REVISADA","","Não existe pasta/TXT correspondente na fonte revisada atual."
"media_80f2003ca5e062b72794","Remada alta com barra EZ","Remada alta com barra EZ","gifs/trapézio/Remada alta da barra ez - Variação 2.gif","8d45b54bf3a1afb34a88e2c0f329ad0c66917dfe526092ca8856950353953482","SEM_FONTE_REVISADA","","Não existe pasta/TXT correspondente na fonte revisada atual."
"media_84caf5c2fa0ec08e48d6","Supino declinado com halteres","Supino declinado com halteres","gifs/peitoral/Supino declinado com halteres - Variação.gif","14f6e9fe9ae7e43acb6e751e3211dd31d7444d676b8d67e5244b10f6830b78b9","SEM_FONTE_REVISADA","","Não existe pasta/TXT correspondente na fonte revisada atual."
"media_8508fd55c25cc78a6d6f","Levantamento terra romeno com halteres","Levantamento terra romeno com halteres","gifs/perna/Levantamento terra com halteres e perna reta.gif","1df819f6fa598ad6796d892aac62351e5479191fbbb641523fe6aa1f7802bb1c","SEM_FONTE_REVISADA","","Não existe pasta/TXT correspondente na fonte revisada atual."
"media_8b5fce84f47199457b0c","Remada alta com halteres","","gifs/ombros/Remada alta com halteres - Variação 3.gif","48c6663aa92b69fa9eb22cf45c0e37608aa384011c21da5a3dc9997748f56ad5","SEM_FONTE_REVISADA","","Não existe pasta/TXT correspondente na fonte revisada atual."
"media_8d1b800a7810a8ded34d","Mergulho na máquina","","gifs/tríceps/Triceps dip na máquina.gif","3750824cb03ee2b1a96b2ee377f624767f3bf193f912fc6c5b99e7813b915b3d","SEM_FONTE_REVISADA","","Não existe pasta/TXT correspondente na fonte revisada atual."
"media_8dd3a39236ffa91bc781","Elevação lateral na máquina","Elevação lateral na máquina","gifs/ombros/Máquina de elevação lateral.gif","f26b629e189207fbdd4ab10722aa34ce07f601ea03e654828d42ee54984018f9","SEM_FONTE_REVISADA","","Não existe pasta/TXT correspondente na fonte revisada atual."
"media_956260b1daa34149bc25","Flexão lateral do tronco com halter","Flexão lateral do tronco com halter","gifs/abdominais/Twist down up with resistance band - Variação 3.gif","e0e70ba37a392e7d87ad5bc4b0057d3bc698326d5c3e109895d3a8f230be818a","SEM_FONTE_REVISADA","","Não existe pasta/TXT correspondente na fonte revisada atual."
"media_97ea713b7d2c43ae5210","Abdominal completo","Abdominal completo","gifs/abdominais/Crunch com elevação da perna.gif","60d2a52e5a4ffac472f5c974fd251a24697f7b1af503837faccbfae623cef944","SEM_FONTE_REVISADA","","Não existe pasta/TXT correspondente na fonte revisada atual."
"media_983f37f149bf5c87a736","Levantamento terra romeno com barra","","gifs/perna/Agachamento, sustentação, panturrilha - Variação 2.gif","ca838d38ae1af2fa0041dd7ae57b4d1d4acc4fec2a7b2440f9d0b4c563a9fa6b","SEM_FONTE_REVISADA","","Não existe pasta/TXT correspondente na fonte revisada atual."
"media_9ec2a405b6e757d8957f","Agachamento búlgaro com barra","Agachamento búlgaro com barra","gifs/perna/Agachamento dividido búlgaro com barra.gif","989cb19026fe00db95c73c939de8d4f347822984814902a1dffd9247558885f4","SEM_FONTE_REVISADA","","Não existe pasta/TXT correspondente na fonte revisada atual."
"media_a0de612f03d7ff3ffe9e","Crucifixo inverso inclinado com halteres","","gifs/ombros/Alavanca de desenvolvimento de ombros.gif","afb504ddaf9430126be2a126ce4abafdba687a76e5bfb80346dc7ec1798dbeeb","SEM_FONTE_REVISADA","","Não existe pasta/TXT correspondente na fonte revisada atual."
"media_a241ba83f892124f4539","Tríceps unilateral na polia","Tríceps unilateral na polia","gifs/tríceps/Band skull crusher - Variação 3.gif","e12903b542c50773e041b0e770a23fdd95c72d1b0e4dac1b867e781938485f6d","SEM_FONTE_REVISADA","","Não existe pasta/TXT correspondente na fonte revisada atual."
"media_a28cf3b2774515d7458b","Remada curvada com halteres","Remada curvada com halteres","gifs/costas/Curvado sobre a remada com halteres.gif","b9ef289048d12a5d9cce65f8d1fd630cd2a1ae1b6a29f428b6de4f0aeb238103","SEM_FONTE_REVISADA","","Não existe pasta/TXT correspondente na fonte revisada atual."
"media_a347a54f303cebbf8cea","Prancha reversa","Prancha reversa","gifs/abdominais/Levantamento de perna de prancha.gif","8bc8df93d8948915c512157ae079f628bb429a8315b4d58e737e0ac81387b8fe","SEM_FONTE_REVISADA","","Não existe pasta/TXT correspondente na fonte revisada atual."
"media_a3cbee62cceb6c45afe3","Remada curvada com barra","Remada curvada com barra","gifs/costas/Barra curvada sobre a remada.gif","be822b5ea7e1ef3dc94bb13603e3e2a0eaa5c52a3dbc4eb55d664d13a995f916","SEM_FONTE_REVISADA","","Não existe pasta/TXT correspondente na fonte revisada atual."
"media_a3d06082f1b68be0b04e","Marcha estacionária com elevação de joelhos","","gifs/Elevação de joelhos em pé - Marcha estacionária.gif","dfe21964d9c61ac52861951974bd843db832c4bd579fea4d80d326ea4d1687c1","SEM_FONTE_REVISADA","","Não existe pasta/TXT correspondente na fonte revisada atual."
"media_a4a3f4dec5ff156fda53","Agachamento na máquina abdutora","Agachamento na máquina abdutora","gifs/glúteos/Agache-se na máquina abdutora.gif","664c34d5da193bafd4ccfe5aaacef5cfdfcb4b2ffdba952b07055a3f6706cf5b","SEM_FONTE_REVISADA","","Não existe pasta/TXT correspondente na fonte revisada atual."
"media_a5836b81800c96c8384f","Mergulho de tríceps no banco com uma perna elevada","","gifs/tríceps/Unilateral single leg bench dips - Variação 2.gif","1e262564bbb5464f306a3d794bac5aca9274feb1cce42dc16062495c1c6a0bdb","SEM_FONTE_REVISADA","","Não existe pasta/TXT correspondente na fonte revisada atual."
"media_a58a3a28e9b6ff18adb2","Supino com pegada fechada","Supino com pegada fechada","gifs/tríceps/Supino com pegada fechada.gif","2b56ff1496793d6bf9ef360f420f1841f16a6ace5fd4d3f595df56d26673c1f7","SEM_FONTE_REVISADA","","Não existe pasta/TXT correspondente na fonte revisada atual."
"media_a6863f94bc4e3e34b6cf","Flexão lateral do tronco no banco romano","Flexão lateral do tronco no banco romano","gifs/abdominais/Abdominal - Variação 8.gif","980e4763c6838c29acc55d6728507bb3a0ac19c224281ce53da00e89bb5c735e","SEM_FONTE_REVISADA","","Não existe pasta/TXT correspondente na fonte revisada atual."
"media_a96b4103cf30417948f9","Crucifixo inclinado com halteres","Crucifixo inclinado com halteres","gifs/peitoral/Lever inclinado hammer supino.gif","01bee98a160cba98bb4def62203a2833086ed5c444a95979065c75a4a2005e46","SEM_FONTE_REVISADA","","Não existe pasta/TXT correspondente na fonte revisada atual."
"media_b11b1e0995f4962f618b","Vácuo abdominal em quatro apoios","Vácuo abdominal em quatro apoios","gifs/abdominais/Exercício de vácuo de barriga de 4 pontos.gif","900fc382e100b7338069c7a1061cd61cc2a59916a2b6a8a54dd6609793c17955","SEM_FONTE_REVISADA","","Não existe pasta/TXT correspondente na fonte revisada atual."
"media_b18f3aa2373c7edaf2cc","Elíptico","Elíptico","gifs/cardio/Elíptico.gif","1919fae043a40b80b8f8c7522dd1bb0b87b63428200446d91f2370aec45533b5","SEM_FONTE_REVISADA","","Não existe pasta/TXT correspondente na fonte revisada atual."
"media_b34d752f2f41520da005","Elevação alternada de pernas deitado","Elevação alternada de pernas deitado","gifs/abdominais/Elevações alternadas das pernas.gif","aa744f5ef8d1878ac6ab46035993cde3769ca59e76833d95b9441d10cef1ba9c","SEM_FONTE_REVISADA","","Não existe pasta/TXT correspondente na fonte revisada atual."
"media_b3d429b75b4b06623725","Agachamento livre com barra","Agachamento livre com barra","gifs/perna/Agachamento aéreo.gif","6561234da6838d47cf3b45d1abfc5650abcfdfe38c0226f22dd0d27027da0bcb","SEM_FONTE_REVISADA","","Não existe pasta/TXT correspondente na fonte revisada atual."
"media_b4ccce0d430ca7cc0d33","Abdominal reverso","Abdominal reverso","gifs/abdominais/Abdominal reversa.gif","6bed6d714431d530c62a97d08f832cec5f894ce9a518bad5a421849290dffa17","SEM_FONTE_REVISADA","","Não existe pasta/TXT correspondente na fonte revisada atual."
"media_b6773f6d6c3d4b42eeda","Remada alta com barra","Remada alta com barra","gifs/trapézio/Encolher de ombros com barra - Variação 2.gif","f48e6e0ffb9081337e276a3a498b126d83150ca093d18bd8660a472854fee163","SEM_FONTE_REVISADA","","Não existe pasta/TXT correspondente na fonte revisada atual."
"media_b7f96901b8ff4ca51a65","Avanço com barra","","gifs/Avanço com barra - Passada com barra.gif","9b6dce4ede122e0495475703ec155b1ed70664a58ca447fcdf3ecbd243c26301","SEM_FONTE_REVISADA","","Não existe pasta/TXT correspondente na fonte revisada atual."
"media_baa2722717487d8e84d4","Puxada unilateral na polia alta","Puxada unilateral na polia alta","gifs/costas/Cabo um braço pulldown lat.gif","83202fe3d79cc23280d80c23c0ed3a6463eb7eb2377decac268aef9e6ca868f1","SEM_FONTE_REVISADA","","Não existe pasta/TXT correspondente na fonte revisada atual."
"media_bf8249c0f027460a1902","Crucifixo declinado com halteres","Crucifixo declinado com halteres","gifs/peitoral/Crucifixo declinado com halteres.gif","1e5ca01cb51a28e43120f38bbbceb44a76d345dd05031b765ab7d8ae1f872384","SEM_FONTE_REVISADA","","Não existe pasta/TXT correspondente na fonte revisada atual."
"media_c263183525f85610dd12","Agachamento sumô com halteres","Agachamento sumô com halteres","gifs/perna/Alongamento de isquiotibiais sentado.gif","c81efaf240c57b85ebba5f4145bf5773941f6410916dbea77909f77410c05f66","SEM_FONTE_REVISADA","","Não existe pasta/TXT correspondente na fonte revisada atual."
"media_c6150befa50c9d8f8236","Elevação frontal com halteres sentado","Elevação frontal com halteres sentado","gifs/ombros/Elevações laterais apoiadas no peito com halteres - Variação 3.gif","b7cba665ace50c301aca2faa3dfd06f742d8e201cd554be46df807624342f436","SEM_FONTE_REVISADA","","Não existe pasta/TXT correspondente na fonte revisada atual."
"media_c811fae948c85ad2d17d","Rotação landmine","Rotação landmine","gifs/abdominais/Torção de mina terrestre - Variação 3.gif","7f14f5f1da83825efea6c824800ad721476d7f60b3790292c2a26e4e1bf92126","SEM_FONTE_REVISADA","","Não existe pasta/TXT correspondente na fonte revisada atual."
"media_d4d906e8647ff1f4b3ea","Tríceps testa unilateral com halter","Tríceps testa unilateral com halter","gifs/tríceps/Unilateral pronated com halteres extensão de tríceps.gif","e7934f3c6b97373a187674ff7fde6358d13b426b469989bb77a620d633b50ed6","SEM_FONTE_REVISADA","","Não existe pasta/TXT correspondente na fonte revisada atual."
"media_d81cfb06437cf98e6e0f","Crucifixo inverso na máquina","","gifs/ombros/Crucifixo traseira da máquina delt.gif","6e755692d5cb3ad3d919fa57af918a8e416ab468d2c462ee388b5297f2f53a0e","SEM_FONTE_REVISADA","","Não existe pasta/TXT correspondente na fonte revisada atual."
"media_dbf0a1de4254674e5693","Agachamento hack reverso","Agachamento hack reverso","gifs/perna/Agachamento hack reverso.gif","532fd8b4b9dd4402f50bd77600f05b09873fc346da5ef348e2283c73c270a4e2","SEM_FONTE_REVISADA","","Não existe pasta/TXT correspondente na fonte revisada atual."
"media_dc261d442df7d3025042","Torção russa","Torção russa","gifs/abdominais/Torção russa.gif","a7a987f0287819726cebb44ceb12cd3d079068be9436a8986fe0fd88ccf945cb","SEM_FONTE_REVISADA","","Não existe pasta/TXT correspondente na fonte revisada atual."
"media_df41698b4743784b404a","Flexão de joelhos deitado na máquina","Flexão de joelhos deitado na máquina","gifs/perna/Flexão de perna.gif","4d822e1b0db20c1749eee55d2d9b0a5e98981a41108c0461196ee621e98c6a18","SEM_FONTE_REVISADA","","Não existe pasta/TXT correspondente na fonte revisada atual."
"media_e1ebd2bc5e186de43bdb","Tesoura de pernas deitado","Tesoura de pernas deitado","gifs/abdominais/Macacos de prancha com perna estendida.gif","ba5077e88727ff15923a6d9da90a35bb82afe4ea1177c999b3bd8360f90e74f7","SEM_FONTE_REVISADA","","Não existe pasta/TXT correspondente na fonte revisada atual."
"media_e263f191fee375377650","Encolhimento de ombros com halteres","Encolhimento de ombros com halteres","gifs/trapézio/Encolher de ombros com halteres.gif","0c65869fe4184370b58bc43b104a71f2e40c7048b372cd8a413262f0cfaaf817","SEM_FONTE_REVISADA","","Não existe pasta/TXT correspondente na fonte revisada atual."
"media_e3f4dc43b857f66c3c2b","Elevação frontal com halteres","Elevação frontal com halteres","gifs/ombros/Elevação frontal da placa de peso - Variação 2.gif","ce476a66a297bff4163814c6b34ac235ee469809433a1f44f445309b1f390d7e","SEM_FONTE_REVISADA","","Não existe pasta/TXT correspondente na fonte revisada atual."
"media_e53f02d62dcd66c5b22c","Remo ergométrico","Remo ergométrico","gifs/costas/Máquina de remo.gif","9f141b148177086aaa3fe4ac0e4c3b624c5b10ecfb9fbdb1006550e2c5a5c9a0","SEM_FONTE_REVISADA","","Não existe pasta/TXT correspondente na fonte revisada atual."
"media_e7624d994ae29e4cda16","Supino declinado na máquina","Supino declinado na máquina","gifs/peitoral/Supino declinado na máquina.gif","45b3aecd5813fef32ae8d23a715dd42e0a1867512d6f213d4fe3883ee24cdc2d","SEM_FONTE_REVISADA","","Não existe pasta/TXT correspondente na fonte revisada atual."
"media_f0f4901a1ab278ca1c1b","Remada curvada com barra","","gifs/exercícios-de-costas/Barra curvada sobre a remada.gif","be822b5ea7e1ef3dc94bb13603e3e2a0eaa5c52a3dbc4eb55d664d13a995f916","SEM_FONTE_REVISADA","","Não existe pasta/TXT correspondente na fonte revisada atual."
"media_f382a374c92d1910752a","Elevação de panturrilhas em pé na máquina","Elevação de panturrilhas em pé na máquina","gifs/panturrilha/Elevação de panturrilhas em pé na máquina.gif","2fc49fade3743743bdd6bf4b9896152389340161cf731425ee4853ceaf88c36f","SEM_FONTE_REVISADA","","Não existe pasta/TXT correspondente na fonte revisada atual."
"media_f55f0a96e3259e77c1d6","Tríceps na polia","Tríceps na polia","gifs/tríceps/Band skull crusher.gif","8b21848ba996f682193445467da6870ace7f0c69dd4968ab4c144d07637031d0","SEM_FONTE_REVISADA","","Não existe pasta/TXT correspondente na fonte revisada atual."
"media_fdd2e7b062d30afc55b3","Escada ergométrica","Escada ergométrica","gifs/cardio/Simulador de escada.gif","b430f5ee458f8b4d145cf5bc091b19a50aece00505042ecb47b34f63ac0701a2","SEM_FONTE_REVISADA","","Não existe pasta/TXT correspondente na fonte revisada atual."
